"","FILE","CAUSE","CAUSE_SUB","IMPACT","COMPONENT","IMPACT_2","COMPONENT2","INVALID","NOTES","type_bug","project","issue_id","root_cause","impact","component"
"1","accumulo10--ACCUMULO-2645--test-release-2","SEM","SEM_Other (FuncImp)","Hang","Network","","","0","","TP Bugs","accumulo","2645","FuncImpl","Hang","Network"
"2","accumulo11--ACCUMULO-2719--test-release-2","SEM","SEM_MissCases","Crash","Core","","","0","","TP Bugs","accumulo","2719","MissC","Crash","Core"
"3","accumulo12--ACCUMULO-3030--test-release-2","SEM","SEM_MissCases","Incorrect Functionality (Func)","Core","","","0","","TP Bugs","accumulo","3030","MissC","Incorrect","Core"
"4","accumulo13--ACCUMULO-1264--test-release-2","SEM","SEM_Other (FuncImp)","Hang","Network","","","0","","TP Bugs","accumulo","1264","FuncImpl","Hang","Network"
"5","accumulo14--ACCUMULO-1685--test-release-1","SEM","SEM_Typo","Incorrect Functionality (Func)","Network","","","0","","TP Bugs","accumulo","1685","Typo","Incorrect","Network"
"6","accumulo15--ACCUMULO-1672--test-release-1","SEM","SEM_Other (FuncImp)","Other","Network","","","0","","TP Bugs","accumulo","1672","FuncImpl","Other","Network"
"7","accumulo19--ACCUMULO-3007--test-release-2","SEM","SEM_MissCases","Incorrect Functionality (Func)","Network","","","0","","TP Bugs","accumulo","3007","MissC","Incorrect","Network"
"8","accumulo20--ACCUMULO-3009--test-release-2","SEM","SEM_Other (FuncImp)","Other","Network","","","0","","TP Bugs","accumulo","3009","FuncImpl","Other","Network"
"9","accumulo21--ACCUMULO-1846--test-release-1","SEM","SEM_Typo","Crash","Core","","","0","","TP Bugs","accumulo","1846","Typo","Crash","Core"
"10","accumulo24--ACCUMULO-1821--test-release-1","SEM","SEM_Other (FuncImp)","Incorrect Functionality (Func)","Network","","","0","","TP Bugs","accumulo","1821","FuncImpl","Incorrect","Network"
"11","accumulo30--ACCUMULO-2967--test-release-2","SEM","SEM_Other (FuncImp)","Hang","Network","","","0","","TP Bugs","accumulo","2967","FuncImpl","Hang","Network"
"12","accumulo32--ACCUMULO-3006--test-release-2","SEM","SEM_MissCases","Crash","Network","","","0","","TP Bugs","accumulo","3006","MissC","Crash","Network"
"13","accumulo34--ACCUMULO-3003--test-release-2","SEM","SEM_Typo","Crash","Network","","","0","","TP Bugs","accumulo","3003","Typo","Crash","Network"
"14","accumulo4--ACCUMULO-3055--test-release-2","MEM","MEM_NULL","Crash","Network","","","0","","TP Bugs","accumulo","3055","Mem","Crash","Network"
"15","accumulo5--ACCUMULO-1565--test-release-1","SEM","SEM_Other (FuncImp)","Crash","Core","","Network","0","","TP Bugs","accumulo","1565","FuncImpl","Crash","Core"
"16","accumulo6--ACCUMULO-3150--test-release-2","SEM","SEM_MissCases","Other","Network","","","0","","TP Bugs","accumulo","3150","MissC","Other","Network"
"17","accumulo7--ACCUMULO-1730--test-release-1","SEM","SEM_Other (FuncImp)","Incorrect Functionality (Func)","Core","","","0","","TP Bugs","accumulo","1730","FuncImpl","Incorrect","Core"
"18","bookkeeper1--BOOKKEEPER-294--test-release-1","SEM","SEM_Other (FuncImp)","Crash","Network","","","0","","TP Bugs","bookkeeper","294","FuncImpl","Crash","Network"
"19","bookkeeper2--BOOKKEEPER-324--test-release-1","CON","","Crash","Core","","","0","","TP Bugs","bookkeeper","324","Con","Crash","Core"
"20","bookkeeper4--BOOKKEEPER-583--test-release-2","SEM","SEM_Other (FuncImp)","Other","Core","","","0","","TP Bugs","bookkeeper","583","FuncImpl","Other","Core"
"21","bookkeeper7--BOOKKEEPER-337--test-release-1","SEM","SEM_Other (FuncImp)","Crash","Core","","","0","","TP Bugs","bookkeeper","337","FuncImpl","Crash","Core"
"22","bookkeeper9--BOOKKEEPER-326--test-release-1","CON","","Other","Network","","","0","","TP Bugs","bookkeeper","326","Con","Other","Network"
"23","camel0--CAMEL-6514--test-release-2","SEM","SEM_MissCases","Crash","Network","","","0","","TP Bugs","camel","6514","MissC","Crash","Network"
"24","camel11--CAMEL-5574--test-release-1","SEM","SEM_Other (FuncImp)","Incorrect Functionality (Func)","Network","","","0","","TP Bugs","camel","5574","FuncImpl","Incorrect","Network"
"25","camel12--CAMEL-5704--test-release-1","SEM","SEM_Other (FuncImp)","Incorrect Functionality (Func)","Core","","","0","","TP Bugs","camel","5704","FuncImpl","Incorrect","Core"
"26","camel13--CAMEL-6548--test-release-2","SEM","SEM_MissCases","Incorrect Functionality (Func)","Core","","","0","","TP Bugs","camel","6548","MissC","Incorrect","Core"
"27","camel14--CAMEL-6404--test-release-2","SEM","SEM_CtrlFlow","Crash","Core","","","0","","TP Bugs","camel","6404","CtrlFlow","Crash","Core"
"28","camel16--CAMEL-5570--test-release-1","SEM","SEM_CtrlFlow","Incorrect Functionality (Func)","Core","","","0","","TP Bugs","camel","5570","CtrlFlow","Incorrect","Core"
"29","camel17--CAMEL-5766--test-release-1","SEM","SEM_Other (FuncImp)","Crash","Network","","","0","","TP Bugs","camel","5766","FuncImpl","Crash","Network"
"30","camel18--CAMEL-6602--test-release-2","SEM","SEM_MissCases","Crash","Core","","","0","","TP Bugs","camel","6602","MissC","Crash","Core"
"31","camel2--CAMEL-6610--test-release-2","SEM","SEM_MissCases","Crash","Core","","","0","","TP Bugs","camel","6610","MissC","Crash","Core"
"32","camel3--CAMEL-5681--test-release-1","SEM","SEM_Other (FuncImp)","Incorrect Functionality (Func)","Core","","","0","","TP Bugs","camel","5681","FuncImpl","Incorrect","Core"
"33","camel4--CAMEL-6385--test-release-2","SEM","SEM_MissCases","Incorrect Functionality (Func)","Core","","","0","","TP Bugs","camel","6385","MissC","Incorrect","Core"
"34","camel7--CAMEL-5668--test-release-1","SEM","SEM_MissCases","Incorrect Functionality (Func)","Network","","","0","","TP Bugs","camel","5668","MissC","Incorrect","Network"
"35","camel8--CAMEL-6416--test-release-2","SEM","SEM_Exception","Incorrect Functionality (Func)","Core","","","0","","TP Bugs","camel","6416","Except","Incorrect","Core"
"36","camel9--CAMEL-5796--test-release-1","SEM","SEM_MissCases","Incorrect Functionality (Func)","Core","","","0","","TP Bugs","camel","5796","MissC","Incorrect","Core"
"37","cassandra10--CASSANDRA-5285--test-release-2","SEM","SEM_CtrlFlow","Crash","Core","","","0","","TP Bugs","cassandra","5285","CtrlFlow","Crash","Core"
"38","cassandra11--CASSANDRA-5127--test-release-2","SEM","SEM_Other (FuncImp)","Incorrect Functionality (Func)","Network","","","0","","TP Bugs","cassandra","5127","FuncImpl","Incorrect","Network"
"39","cassandra12--CASSANDRA-5376--test-release-2","SEM","SEM_MissCases","Crash","GUI","","","0","","TP Bugs","cassandra","5376","MissC","Crash","UI"
"40","cassandra13--CASSANDRA-4291--test-release-1","SEM","SEM_Exception","Crash","GUI","","","0","","TP Bugs","cassandra","4291","Except","Crash","UI"
"41","cassandra16--CASSANDRA-5287--test-release-2","SEM","SEM_CtrlFlow","Crash","Core","","","0","","TP Bugs","cassandra","5287","CtrlFlow","Crash","Core"
"42","cassandra18--CASSANDRA-5216--test-release-2","SEM","SEM_CornerCases","Other","Network","","","0","","TP Bugs","cassandra","5216","CornerC","Other","Network"
"43","cassandra1--CASSANDRA-5197--test-release-2","SEM","SEM_MissCases","Crash","Core","","","0","","TP Bugs","cassandra","5197","MissC","Crash","Core"
"44","cassandra21--CASSANDRA-4192--test-release-1","SEM","SEM_Other (FuncImp)","Incorrect Functionality (Func)","GUI","","Core","0","","TP Bugs","cassandra","4192","FuncImpl","Incorrect","UI"
"45","cassandra22--CASSANDRA-4204--test-release-1","SEM","SEM_MissCases","Incorrect Functionality (Func)","Core","","","0","","TP Bugs","cassandra","4204","MissC","Incorrect","Core"
"46","cassandra23--CASSANDRA-5289--test-release-2","SEM","SEM_CtrlFlow","Incorrect Functionality (Func)","Core","","","0","","TP Bugs","cassandra","5289","CtrlFlow","Incorrect","Core"
"47","cassandra24--CASSANDRA-5099--test-release-2","SEM","SEM_CtrlFlow","Incorrect Functionality (Func)","Core","","","0","","TP Bugs","cassandra","5099","CtrlFlow","Incorrect","Core"
"48","cassandra25--CASSANDRA-4227--test-release-1","SEM","SEM_MissCases","Crash","Network","","","0","","TP Bugs","cassandra","4227","MissC","Crash","Network"
"49","cassandra29--CASSANDRA-4568--test-release-1","SEM","SEM_Other (FuncImp)","Incorrect Functionality (Func)","Core","","","0","","TP Bugs","cassandra","4568","FuncImpl","Incorrect","Core"
"50","cassandra2--CASSANDRA-3942--test-release-1","SEM","SEM_Process","Incorrect Functionality (Func)","Core","","","0","","TP Bugs","cassandra","3942","Process","Incorrect","Core"
"51","cassandra30--CASSANDRA-5368--test-release-2","SEM","SEM_Exception","Crash","Network","","","0","","TP Bugs","cassandra","5368","Except","Crash","Network"
"52","cassandra31--CASSANDRA-5236--test-release-2","SEM","SEM_Other (FuncImp)","Crash","Core","","","0","","TP Bugs","cassandra","5236","FuncImpl","Crash","Core"
"53","cassandra33--CASSANDRA-5230--test-release-2","SEM","SEM_MissCases","Incorrect Functionality (Func)","GUI","","","0","","TP Bugs","cassandra","5230","MissC","Incorrect","UI"
"54","cassandra36--CASSANDRA-5106--test-release-2","SEM","SEM_CtrlFlow","Crash","Core","","","0","","TP Bugs","cassandra","5106","CtrlFlow","Crash","Core"
"55","cassandra37--CASSANDRA-4353--test-release-1","SEM","SEM_Exception","Incorrect Functionality (Func)","Core","","","0","","TP Bugs","cassandra","4353","Except","Incorrect","Core"
"56","cassandra38--CASSANDRA-4462--test-release-1","SEM","SEM_Typo","Corrupt","Core","","","0","","TP Bugs","cassandra","4462","Typo","Corrupt","Core"
"57","cassandra39--CASSANDRA-4314--test-release-1","SEM","SEM_Other (FuncImp)","Crash","Core","","","0","","TP Bugs","cassandra","4314","FuncImpl","Crash","Core"
"58","cassandra3--CASSANDRA-4368--test-release-1","SEM","SEM_Other (FuncImp)","Crash","I/O","","Core","0","","TP Bugs","cassandra","4368","FuncImpl","Crash","I/O"
"59","cassandra40--CASSANDRA-5189--test-release-2","SEM","SEM_Other (FuncImp)","Incorrect Functionality (Func)","GUI","","","0","","TP Bugs","cassandra","5189","FuncImpl","Incorrect","UI"
"60","cassandra41--CASSANDRA-5465--test-release-2","SEM","SEM_MissFeatures","Crash","Core","","","0","","TP Bugs","cassandra","5465","MissF","Crash","Core"
"61","cassandra46--CASSANDRA-4230--test-release-1","SEM","SEM_Typo","Crash","Core","","","0","","TP Bugs","cassandra","4230","Typo","Crash","Core"
"62","cassandra49--CASSANDRA-4263--test-release-1","SEM","SEM_Typo","Incorrect Functionality (Func)","Core","","","0","","TP Bugs","cassandra","4263","Typo","Incorrect","Core"
"63","cassandra50--CASSANDRA-5137--test-release-2","SEM","SEM_Other (FuncImp)","Incorrect Functionality (Func)","Core","","","0","","TP Bugs","cassandra","5137","FuncImpl","Incorrect","Core"
"64","cassandra52--CASSANDRA-5144--test-release-2","SEM","SEM_MissFeatures","Incorrect Functionality (Func)","Core","","","0","","TP Bugs","cassandra","5144","MissF","Incorrect","Core"
"65","cassandra53--CASSANDRA-5299--test-release-2","SEM","SEM_Other (FuncImp)","Incorrect Functionality (Func)","Network","","","0","","TP Bugs","cassandra","5299","FuncImpl","Incorrect","Network"
"66","cassandra55--CASSANDRA-4320--test-release-1","SEM","SEM_MissCases","Crash","Core","","","0","","TP Bugs","cassandra","4320","MissC","Crash","Core"
"67","cassandra61--CASSANDRA-5240--test-release-2","SEM","SEM_CtrlFlow","Incorrect Functionality (Func)","GUI","","","0","","TP Bugs","cassandra","5240","CtrlFlow","Incorrect","UI"
"68","cassandra63--CASSANDRA-5122--test-release-2","SEM","SEM_Other (FuncImp)","Incorrect Functionality (Func)","GUI","","","0","","TP Bugs","cassandra","5122","FuncImpl","Incorrect","UI"
"69","cassandra64--CASSANDRA-4313--test-release-1","SEM","SEM_CtrlFlow","Incorrect Functionality (Func)","Core","","","0","","TP Bugs","cassandra","4313","CtrlFlow","Incorrect","Core"
"70","cassandra65--CASSANDRA-5097--test-release-2","SEM","SEM_MissCases","Crash","Core","","","0","","TP Bugs","cassandra","5097","MissC","Crash","Core"
"71","cassandra7--CASSANDRA-5168--test-release-2","SEM","SEM_CtrlFlow","Crash","Core","","","0","","TP Bugs","cassandra","5168","CtrlFlow","Crash","Core"
"72","cassandra8--CASSANDRA-4181--test-release-1","SEM","SEM_Other (FuncImp)","Crash","Core","","","0","","TP Bugs","cassandra","4181","FuncImpl","Crash","Core"
"73","cassandra9--CASSANDRA-5242--test-release-2","SEM","SEM_MissCases","Incorrect Functionality (Func)","Core","","","0","","TP Bugs","cassandra","5242","MissC","Incorrect","Core"
"74","CXF11--CXF-3576--test-release-2","SEM","SEM_Typo","Other","Core","","","0","","TP Bugs","CXF","3576","Typo","Other","Core"
"75","CXF12--CXF-3022--test-release-1","SEM","SEM_Other (FuncImp)","Crash","Core","","","0","","TP Bugs","CXF","3022","FuncImpl","Crash","Core"
"76","CXF13--CXF-3130--test-release-1","SEM","SEM_Exception","Incorrect Functionality (Func)","Core","","","0","","TP Bugs","CXF","3130","Except","Incorrect","Core"
"77","CXF14--CXF-3135--test-release-1","SEM","SEM_Other (FuncImp)","Incorrect Functionality (Func)","Core","","","0","","TP Bugs","CXF","3135","FuncImpl","Incorrect","Core"
"78","CXF15--CXF-3482--test-release-2","SEM","SEM_MissCases","Crash","Core","","","0","","TP Bugs","CXF","3482","MissC","Crash","Core"
"79","CXF16--CXF-3082--test-release-1","SEM","SEM_Other (FuncImp)","Crash","Network","","Core","0","","TP Bugs","CXF","3082","FuncImpl","Crash","Network"
"80","CXF17--CXF-3840--test-release-2","SEM","SEM_MissFeatures","Incorrect Functionality (Func)","Core","","","0","","TP Bugs","CXF","3840","MissF","Incorrect","Core"
"81","CXF19--CXF-3090--test-release-1","SEM","SEM_CtrlFlow","Incorrect Functionality (Func)","Network","","","0","","TP Bugs","CXF","3090","CtrlFlow","Incorrect","Network"
"82","CXF1--CXF-3091--test-release-1","SEM","SEM_Other (FuncImp)","Crash","Network","","","0","","TP Bugs","CXF","3091","FuncImpl","Crash","Network"
"83","CXF20--CXF-2992--test-release-1","CON","","Perf Degradation","Core","","","0","","TP Bugs","CXF","2992","Con","Perf","Core"
"84","CXF22--CXF-3754--test-release-2","SEM","SEM_Other (FuncImp)","Incorrect Functionality (Func)","Core","","","","","TP Bugs","CXF","3754","FuncImpl","Incorrect","Core"
"85","CXF23--CXF-3088--test-release-1","SEM","SEM_MissCases","Incorrect Functionality (Func)","Core","","","0","","TP Bugs","CXF","3088","MissC","Incorrect","Core"
"86","CXF24--CXF-3181--test-release-1","SEM","SEM_MissCases","Crash","Core","","","0","","TP Bugs","CXF","3181","MissC","Crash","Core"
"87","CXF26--CXF-3871--test-release-2","MEM","MEM_NULL","Crash","Core","","","0","","TP Bugs","CXF","3871","Mem","Crash","Core"
"88","CXF27--CXF-3689--test-release-2","SEM","SEM_MissCases","Incorrect Functionality (Func)","Network","","","0","","TP Bugs","CXF","3689","MissC","Incorrect","Network"
"89","CXF29--CXF-3184--test-release-1","SEM","SEM_Exception","Crash","Core","","","0","","TP Bugs","CXF","3184","Except","Crash","Core"
"90","CXF2--CXF-3061--test-release-1","MEM","MEM_NULL","Crash","Core","","","0","","TP Bugs","CXF","3061","Mem","Crash","Core"
"91","CXF30--CXF-3159--test-release-1","SEM","SEM_Exception","Crash","Core","","","0","","TP Bugs","CXF","3159","Except","Crash","Core"
"92","CXF31--CXF-3760--test-release-2","SEM","SEM_Other (FuncImp)","Incorrect Functionality (Func)","Core","","","0","","TP Bugs","CXF","3760","FuncImpl","Incorrect","Core"
"93","CXF32--CXF-3069--test-release-1","SEM","SEM_MissCases","Incorrect Functionality (Func)","Core","","","0","","TP Bugs","CXF","3069","MissC","Incorrect","Core"
"94","CXF33--CXF-3143--test-release-1","MEM","MEM_MLK","Other","Core","","","0","","TP Bugs","CXF","3143","Mem","Other","Core"
"95","CXF36--CXF-3197--test-release-1","SEM","SEM_Other (FuncImp)","Crash","Core","","","0","","TP Bugs","CXF","3197","FuncImpl","Crash","Core"
"96","CXF39--CXF-3609--test-release-2","SEM","SEM_CtrlFlow","Crash","Network","","","0","","TP Bugs","CXF","3609","CtrlFlow","Crash","Network"
"97","CXF3--CXF-3489--test-release-2","SEM","SEM_Typo","Incorrect Functionality (Func)","Core","","","0","","TP Bugs","CXF","3489","Typo","Incorrect","Core"
"98","CXF4--CXF-3457--test-release-2","SEM","SEM_Other (FuncImp)","Incorrect Functionality (Func)","Core","","","0","","TP Bugs","CXF","3457","FuncImpl","Incorrect","Core"
"99","CXF5--CXF-2839--test-release-1","SEM","SEM_MissCases","Incorrect Functionality (Func)","Network","","","0","","TP Bugs","CXF","2839","MissC","Incorrect","Network"
"100","CXF6--CXF-3470--test-release-2","SEM","SEM_MissCases","Crash","Core","","","0","","TP Bugs","CXF","3470","MissC","Crash","Core"
"101","CXF8--CXF-3655--test-release-2","SEM","SEM_MissCases","Incorrect Functionality (Func)","Core","","","0","","TP Bugs","CXF","3655","MissC","Incorrect","Core"
"102","derby10--DERBY-3000--test-release-2","SEM","SEM_Other (FuncImp)","Crash","Core","","","0","","TP Bugs","derby","3000","FuncImpl","Crash","Core"
"103","derby14--DERBY-2183--test-release-1","SEM","SEM_MissCases","Incorrect Functionality (Func)","Core","","","0","","TP Bugs","derby","2183","MissC","Incorrect","Core"
"104","derby15--DERBY-2339--test-release-1","SEM","SEM_Exception","Other","Network","","","0","","TP Bugs","derby","2339","Except","Other","Network"
"105","derby17--DERBY-2084--test-release-1","SEM","SEM_Other (FuncImp)","Crash","Core","","","0","","TP Bugs","derby","2084","FuncImpl","Crash","Core"
"106","derby18--DERBY-1917--test-release-1","SEM","SEM_Process","Crash","Core","Func","","0","","TP Bugs","derby","1917","Process","Crash","Core"
"107","derby20--DERBY-3355--test-release-2","SEM","SEM_MissCases","Crash","Core","","","0","","TP Bugs","derby","3355","MissC","Crash","Core"
"108","derby21--DERBY-1790--test-release-2","SEM","SEM_MissCases","Incorrect Functionality (Func)","Core","","","0","","TP Bugs","derby","1790","MissC","Incorrect","Core"
"109","derby22--DERBY-2093--test-release-1","SEM","SEM_Exception","Crash","I/O","","","0","","TP Bugs","derby","2093","Except","Crash","I/O"
"110","derby23--DERBY-1894--test-release-1","SEM","SEM_Other (FuncImp)","Incorrect Functionality (Func)","Core","","","0","","TP Bugs","derby","1894","FuncImpl","Incorrect","Core"
"111","derby25--DERBY-1240--test-release-1","SEM","SEM_Other (FuncImp)","Incorrect Functionality (Func)","I/O","","","0","","TP Bugs","derby","1240","FuncImpl","Incorrect","I/O"
"112","derby27--DERBY-550--test-release-1","SEM","SEM_CornerCases","Crash","Network","","","0","","TP Bugs","derby","550","CornerC","Crash","Network"
"113","derby28--DERBY-811--test-release-1","SEM","SEM_Process","Crash","Core","","","0","","TP Bugs","derby","811","Process","Crash","Core"
"114","derby2--DERBY-1856--test-release-1","SEM","SEM_MissCases","Crash","Network","","","0","","TP Bugs","derby","1856","MissC","Crash","Network"
"115","derby5--DERBY-504--test-release-1","SEM","SEM_CtrlFlow","Incorrect Functionality (Func)","Core","","","0","","TP Bugs","derby","504","CtrlFlow","Incorrect","Core"
"116","derby7--DERBY-2195--test-release-1","SEM","SEM_Other (FuncImp)","Incorrect Functionality (Func)","Core","","","0","","TP Bugs","derby","2195","FuncImpl","Incorrect","Core"
"117","felix0--FELIX-3028--test-release-1","SEM","SEM_MissCases","Crash","GUI","","","0","","TP Bugs","felix","3028","MissC","Crash","UI"
"118","felix10--FELIX-3285--test-release-1","SEM","SEM_MissCases","Incorrect Functionality (Func)","GUI","","","0","","TP Bugs","felix","3285","MissC","Incorrect","UI"
"119","felix11--FELIX-2729--test-release-1","SEM","SEM_MissCases","Incorrect Functionality (Func)","GUI","","","0","","TP Bugs","felix","2729","MissC","Incorrect","UI"
"120","felix12--FELIX-2725--test-release-1","SEM","SEM_Other (FuncImp)","Incorrect Functionality (Func)","Core","","","0","","TP Bugs","felix","2725","FuncImpl","Incorrect","Core"
"121","felix13--FELIX-4361--test-release-2","CON","","Crash","Core","","","0","","TP Bugs","felix","4361","Con","Crash","Core"
"122","felix14--FELIX-4438--test-release-2","SEM","SEM_CtrlFlow","Other","Network","","","0","","TP Bugs","felix","4438","CtrlFlow","Other","Network"
"123","felix15--FELIX-2877--test-release-1","SEM","SEM_Exception","Crash","Core","","","0","","TP Bugs","felix","2877","Except","Crash","Core"
"124","felix16--FELIX-2979--test-release-1","SEM","SEM_MissCases","Incorrect Functionality (Func)","GUI","","","0","","TP Bugs","felix","2979","MissC","Incorrect","UI"
"125","felix18--FELIX-3132--test-release-1","SEM","SEM_Other (FuncImp)","Incorrect Functionality (Func)","GUI","","","0","","TP Bugs","felix","3132","FuncImpl","Incorrect","UI"
"126","felix1--FELIX-4460--test-release-2","SEM","SEM_Other (FuncImp)","Crash","Network","","","0","","TP Bugs","felix","4460","FuncImpl","Crash","Network"
"127","felix21--FELIX-2955--test-release-1","SEM","SEM_MissCases","Crash","Core","","","0","","TP Bugs","felix","2955","MissC","Crash","Core"
"128","felix22--FELIX-2717--test-release-1","SEM","SEM_CtrlFlow","Incorrect Functionality (Func)","Core","","","","","TP Bugs","felix","2717","CtrlFlow","Incorrect","Core"
"129","felix23--FELIX-2736--test-release-1","SEM","SEM_Other (FuncImp)","Incorrect Functionality (Func)","Core","","","0","","TP Bugs","felix","2736","FuncImpl","Incorrect","Core"
"130","felix24--FELIX-4220--test-release-2","SEM","SEM_Other (FuncImp)","Incorrect Functionality (Func)","Core","","","0","","TP Bugs","felix","4220","FuncImpl","Incorrect","Core"
"131","felix26--FELIX-2598--test-release-1","SEM","SEM_CtrlFlow","Hang","Core","","","0","","TP Bugs","felix","2598","CtrlFlow","Hang","Core"
"132","felix27--FELIX-4472--test-release-2","CON","","Crash","Core","","","0","","TP Bugs","felix","4472","Con","Crash","Core"
"133","felix29--FELIX-4325--test-release-2","CON","","Crash","Core","","","0","","TP Bugs","felix","4325","Con","Crash","Core"
"134","felix30--FELIX-2659--test-release-1","SEM","SEM_Exception","Crash","GUI","","","0","","TP Bugs","felix","2659","Except","Crash","UI"
"135","felix31--FELIX-2676--test-release-1","SEM","SEM_CtrlFlow","Incorrect Functionality (Func)","GUI","","","0","","TP Bugs","felix","2676","CtrlFlow","Incorrect","UI"
"136","felix32--FELIX-3043--test-release-1","SEM","SEM_Other (FuncImp)","Incorrect Functionality (Func)","Core","","","0","","TP Bugs","felix","3043","FuncImpl","Incorrect","Core"
"137","felix33--FELIX-4565--test-release-2","CON","","Crash","Core","","","0","","TP Bugs","felix","4565","Con","Crash","Core"
"138","felix34--FELIX-2982--test-release-1","SEM","SEM_MissFeatures","Incorrect Functionality (Func)","Core","","","0","","TP Bugs","felix","2982","MissF","Incorrect","Core"
"139","felix36--FELIX-4466--test-release-2","SEM","SEM_MissCases","Incorrect Functionality (Func)","Core","","","0","","TP Bugs","felix","4466","MissC","Incorrect","Core"
"140","felix37--FELIX-4423--test-release-2","SEM","SEM_Other (FuncImp)","Crash","Network","","","0","","TP Bugs","felix","4423","FuncImpl","Crash","Network"
"141","felix39--FELIX-4441--test-release-2","SEM","SEM_Process","Incorrect Functionality (Func)","Core","","","0","","TP Bugs","felix","4441","Process","Incorrect","Core"
"142","felix3--FELIX-2901--test-release-1","SEM","SEM_CtrlFlow","Crash","Core","","","0","","TP Bugs","felix","2901","CtrlFlow","Crash","Core"
"143","felix40--FELIX-3047--test-release-1","SEM","SEM_MissCases","Other","Core","","","0","","TP Bugs","felix","3047","MissC","Other","Core"
"144","felix42--FELIX-4642--test-release-2","MEM","MEM_NULL","Crash","Core","","","0","","TP Bugs","felix","4642","Mem","Crash","Core"
"145","felix43--FELIX-4573--test-release-2","SEM","SEM_MissCases","Crash","GUI","","","0","","TP Bugs","felix","4573","MissC","Crash","UI"
"146","felix44--FELIX-3714--test-release-2","SEM","SEM_CtrlFlow","Crash","Core","","","0","","TP Bugs","felix","3714","CtrlFlow","Crash","Core"
"147","felix46--FELIX-4612--test-release-2","SEM","SEM_Typo","Incorrect Functionality (Func)","Core","","","0","","TP Bugs","felix","4612","Typo","Incorrect","Core"
"148","felix47--FELIX-2713--test-release-1","SEM","SEM_Other (FuncImp)","Crash","GUI","","","0","","TP Bugs","felix","2713","FuncImpl","Crash","UI"
"149","felix48--FELIX-2599--test-release-1","SEM","SEM_MissCases","Incorrect Functionality (Func)","Core","","","0","","TP Bugs","felix","2599","MissC","Incorrect","Core"
"150","felix49--FELIX-2653--test-release-1","SEM","SEM_Other (FuncImp)","Crash","Core","","","0","","TP Bugs","felix","2653","FuncImpl","Crash","Core"
"151","felix50--FELIX-3153--test-release-1","SEM","SEM_Other (FuncImp)","Crash","Core","","","0","","TP Bugs","felix","3153","FuncImpl","Crash","Core"
"152","felix51--FELIX-4388--test-release-2","SEM","SEM_MissCases","Incorrect Functionality (Func)","Core","","","0","","TP Bugs","felix","4388","MissC","Incorrect","Core"
"153","felix52--FELIX-3205--test-release-1","SEM","SEM_Other (FuncImp)","Crash","Core","","","0","","TP Bugs","felix","3205","FuncImpl","Crash","Core"
"154","felix53--FELIX-4365--test-release-2","SEM","SEM_Exception","Crash","Core","","","0","","TP Bugs","felix","4365","Except","Crash","Core"
"155","felix56--FELIX-4628--test-release-2","SEM","SEM_MissCases","Crash","Network","","","0","","TP Bugs","felix","4628","MissC","Crash","Network"
"156","felix59--FELIX-3013--test-release-1","SEM","SEM_Other (FuncImp)","Crash","Core","","","0","","TP Bugs","felix","3013","FuncImpl","Crash","Core"
"157","felix5--FELIX-1816--test-release-1","CON","","Hang","Core","","","0","","TP Bugs","felix","1816","Con","Hang","Core"
"158","felix60--FELIX-3317--test-release-1","CON","","Crash","Core","","","0","","TP Bugs","felix","3317","Con","Crash","Core"
"159","felix61--FELIX-3194--test-release-1","SEM","SEM_Other (FuncImp)","Incorrect Functionality (Func)","Core","","","0","","TP Bugs","felix","3194","FuncImpl","Incorrect","Core"
"160","felix62--FELIX-4383--test-release-2","SEM","SEM_Other (FuncImp)","Incorrect Functionality (Func)","Core","","","0","","TP Bugs","felix","4383","FuncImpl","Incorrect","Core"
"161","felix64--FELIX-2456--test-release-1","SEM","SEM_MissCases","Incorrect Functionality (Func)","Core","","","0","","TP Bugs","felix","2456","MissC","Incorrect","Core"
"162","felix66--FELIX-4494--test-release-2","SEM","SEM_Other (FuncImp)","Incorrect Functionality (Func)","Core","","","0","","TP Bugs","felix","4494","FuncImpl","Incorrect","Core"
"163","felix7--FELIX-3309--test-release-2","SEM","SEM_Other (FuncImp)","Crash","Core","","","0","","TP Bugs","felix","3309","FuncImpl","Crash","Core"
"164","felix9--FELIX-4572--test-release-2","MEM","MEM_NULL","Crash","GUI","","","0","","TP Bugs","felix","4572","Mem","Crash","UI"
"165","hive0--HIVE-7092--test-release-2","SEM","SEM_Other (FuncImp)","Corrupt","Core","","","0","","TP Bugs","hive","7092","FuncImpl","Corrupt","Core"
"166","hive12--HIVE-7031--test-release-2","SEM","SEM_Process","Incorrect Functionality (Func)","Core","","","0","","TP Bugs","hive","7031","Process","Incorrect","Core"
"167","hive13--HIVE-2597--test-release-2","SEM","SEM_Other (FuncImp)","Incorrect Functionality (Func)","Core","","","0","","TP Bugs","hive","2597","FuncImpl","Incorrect","Core"
"168","hive15--HIVE-7023--test-release-2","SEM","SEM_Other (FuncImp)","Incorrect Functionality (Func)","Core","","","0","","TP Bugs","hive","7023","FuncImpl","Incorrect","Core"
"169","hive16--HIVE-7346--test-release-2","SEM","SEM_Other (FuncImp)","Incorrect Functionality (Func)","Core","","","0","","TP Bugs","hive","7346","FuncImpl","Incorrect","Core"
"170","hive18--HIVE-7147--test-release-2","SEM","SEM_MissCases","Crash","I/O","","","0","","TP Bugs","hive","7147","MissC","Crash","I/O"
"171","hive20--HIVE-6081--test-release-1","SEM","SEM_Typo","Other","Core","","","0","","TP Bugs","hive","6081","Typo","Other","Core"
"172","hive23--HIVE-7001--test-release-2","SEM","SEM_CtrlFlow","Incorrect Functionality (Func)","Core","","","0","","TP Bugs","hive","7001","CtrlFlow","Incorrect","Core"
"173","hive24--HIVE-7045--test-release-2","SEM","SEM_Other (FuncImp)","Incorrect Functionality (Func)","Core","","","0","","TP Bugs","hive","7045","FuncImpl","Incorrect","Core"
"174","hive25--HIVE-5580--test-release-1","SEM","SEM_Other (FuncImp)","Crash","I/O","","","0","","TP Bugs","hive","5580","FuncImpl","Crash","I/O"
"175","hive26--HIVE-6184--test-release-1","SEM","SEM_Typo","Incorrect Functionality (Func)","Core","","","0","","TP Bugs","hive","6184","Typo","Incorrect","Core"
"176","hive29--HIVE-7241--test-release-2","SEM","SEM_Other (FuncImp)","Incorrect Functionality (Func)","Core","","","0","","TP Bugs","hive","7241","FuncImpl","Incorrect","Core"
"177","hive30--HIVE-7242--test-release-2","SEM","SEM_Other (FuncImp)","Incorrect Functionality (Func)","Core","","","0","","TP Bugs","hive","7242","FuncImpl","Incorrect","Core"
"178","hive31--HIVE-5899--test-release-1","SEM","SEM_MissCases","Crash","I/O","","I/O","0","","TP Bugs","hive","5899","MissC","Crash","I/O"
"179","hive38--HIVE-7114--test-release-2","SEM","SEM_Other (FuncImp)","Crash","Core","","","0","","TP Bugs","hive","7114","FuncImpl","Crash","Core"
"180","hive39--HIVE-5585--test-release-1","SEM","SEM_CtrlFlow","Incorrect Functionality (Func)","Core","","","0","","TP Bugs","hive","5585","CtrlFlow","Incorrect","Core"
"181","hive3--HIVE-5618--test-release-1","SEM","SEM_Other (FuncImp)","Crash","Core","","","0","","TP Bugs","hive","5618","FuncImpl","Crash","Core"
"182","hive40--HIVE-5685--test-release-1","SEM","SEM_CtrlFlow","Crash","Core","","","0","","TP Bugs","hive","5685","CtrlFlow","Crash","Core"
"183","hive42--HIVE-7235--test-release-2","SEM","SEM_Other (FuncImp)","Crash","Core","","","0","","TP Bugs","hive","7235","FuncImpl","Crash","Core"
"184","hive43--HIVE-6967--test-release-2","SEM","SEM_MissCases","Crash","Core","","","0","","TP Bugs","hive","6967","MissC","Crash","Core"
"185","hive44--HIVE-7183--test-release-2","SEM","SEM_Typo","Other","Core","","","0","","TP Bugs","hive","7183","Typo","Other","Core"
"186","hive46--HIVE-6985--test-release-2","SEM","SEM_MissCases","Incorrect Functionality (Func)","Core","","","0","","TP Bugs","hive","6985","MissC","Incorrect","Core"
"187","hive4--HIVE-7237--test-release-2","SEM","SEM_Other (FuncImp)","Hang","Core","","","0","","TP Bugs","hive","7237","FuncImpl","Hang","Core"
"188","hive52--HIVE-6022--test-release-1","SEM","SEM_Other (FuncImp)","Incorrect Functionality (Func)","Core","","","0","","TP Bugs","hive","6022","FuncImpl","Incorrect","Core"
"189","hive53--HIVE-7220--test-release-2","SEM","SEM_Other (FuncImp)","Crash","Core","","","0","","TP Bugs","hive","7220","FuncImpl","Crash","Core"
"190","hive55--HIVE-5686--test-release-1","SEM","SEM_Other (FuncImp)","Crash","Core","","","0","","TP Bugs","hive","5686","FuncImpl","Crash","Core"
"191","hive57--HIVE-7304--test-release-2","SEM","SEM_Other (FuncImp)","Incorrect Functionality (Func)","Core","","","0","","TP Bugs","hive","7304","FuncImpl","Incorrect","Core"
"192","hive60--HIVE-5601--test-release-1","SEM","SEM_Other (FuncImp)","Crash","I/O","","","0","","TP Bugs","hive","5601","FuncImpl","Crash","I/O"
"193","hive61--HIVE-7116--test-release-2","SEM","SEM_Other (FuncImp)","Incorrect Functionality (Func)","Core","","","0","","TP Bugs","hive","7116","FuncImpl","Incorrect","Core"
"194","hive62--HIVE-6208--test-release-1","SEM","SEM_MissCases","Crash","Core","","","0","","TP Bugs","hive","6208","MissC","Crash","Core"
"195","hive64--HIVE-5560--test-release-1","SEM","SEM_Other (FuncImp)","Incorrect Functionality (Func)","Core","","","0","","TP Bugs","hive","5560","FuncImpl","Incorrect","Core"
"196","hive65--HIVE-5492--test-release-1","SEM","SEM_Other (FuncImp)","Crash","Core","","","0","","TP Bugs","hive","5492","FuncImpl","Crash","Core"
"197","hive66--HIVE-5519--test-release-1","SEM","SEM_Other (FuncImp)","Other","GUI","","","0","","TP Bugs","hive","5519","FuncImpl","Other","UI"
"198","hive67--HIVE-5887--test-release-1","SEM","SEM_Typo","Other","Core","","","0","","TP Bugs","hive","5887","Typo","Other","Core"
"199","hive69--HIVE-7213--test-release-2","SEM","SEM_Other (FuncImp)","Incorrect Functionality (Func)","Core","","","0","","TP Bugs","hive","7213","FuncImpl","Incorrect","Core"
"200","openjpa0--OPENJPA-2146--test-release-2","SEM","SEM_CtrlFlow","Crash","Core","","","0","","TP Bugs","openjpa","2146","CtrlFlow","Crash","Core"
"201","openjpa10--OPENJPA-1989--test-release-1","SEM","SEM_Other (FuncImp)","Incorrect Functionality (Func)","Core","","","0","","TP Bugs","openjpa","1989","FuncImpl","Incorrect","Core"
"202","openjpa11--OPENJPA-1928--test-release-1","SEM","SEM_Other (FuncImp)","Other","Core","","","0","","TP Bugs","openjpa","1928","FuncImpl","Other","Core"
"203","openjpa12--OPENJPA-2197--test-release-2","SEM","SEM_MissCases","Incorrect Functionality (Func)","Core","","","0","","TP Bugs","openjpa","2197","MissC","Incorrect","Core"
"204","openjpa1--OPENJPA-2187--test-release-2","SEM","SEM_Other (FuncImp)","Incorrect Functionality (Func)","Core","","","0","","TP Bugs","openjpa","2187","FuncImpl","Incorrect","Core"
"205","openjpa2--OPENJPA-2236--test-release-2","SEM","SEM_Exception","Crash","Core","","","0","","TP Bugs","openjpa","2236","Except","Crash","Core"
"206","openjpa6--OPENJPA-1725--test-release-1","SEM","SEM_Other (FuncImp)","Crash","Core","","","0","","TP Bugs","openjpa","1725","FuncImpl","Crash","Core"
"207","openjpa9--OPENJPA-2136--test-release-2","SEM","SEM_Other (FuncImp)","Crash","Core","","","0","","TP Bugs","openjpa","2136","FuncImpl","Crash","Core"
"208","pig0--PIG-2637--test-release-1","SEM","SEM_Process","Crash","Core","","","0","","TP Bugs","pig","2637","Process","Crash","Core"
"209","pig11--PIG-3172--test-release-2","SEM","SEM_MissCases","Incorrect Functionality (Func)","Core","","","0","","TP Bugs","pig","3172","MissC","Incorrect","Core"
"210","pig15--PIG-2825--test-release-1","SEM","SEM_Process","Incorrect Functionality (Func)","Core","","","0","","TP Bugs","pig","2825","Process","Incorrect","Core"
"211","pig18--PIG-3223--test-release-2","SEM","SEM_Other (FuncImp)","Crash","I/O","","","0","","TP Bugs","pig","3223","FuncImpl","Crash","I/O"
"212","pig1--PIG-2745--test-release-1","SEM","SEM_Process","Crash","Core","","","0","","TP Bugs","pig","2745","Process","Crash","Core"
"213","pig3--PIG-2970--test-release-2","SEM","SEM_Other (FuncImp)","Crash","Core","","","0","","TP Bugs","pig","2970","FuncImpl","Crash","Core"
"214","pig5--PIG-3241--test-release-2","CON","","Crash","Core","","","0","","TP Bugs","pig","3241","Con","Crash","Core"
"215","pig8--PIG-2884--test-release-1","SEM","SEM_Other (FuncImp)","Other","Core","","","0","","TP Bugs","pig","2884","FuncImpl","Other","Core"
"216","pig9--PIG-3060--test-release-2","SEM","SEM_Typo","Incorrect Functionality (Func)","Core","","","0","","TP Bugs","pig","3060","Typo","Incorrect","Core"
"217","wicket0--WICKET-2961--test-release-1","SEM","SEM_Other (FuncImp)","Crash","Core","","","0","","TP Bugs","wicket","2961","FuncImpl","Crash","Core"
"218","wicket11--WICKET-2638--test-release-1","SEM","SEM_Other (FuncImp)","Incorrect Functionality (Func)","Core","","","0","","TP Bugs","wicket","2638","FuncImpl","Incorrect","Core"
"219","wicket12--WICKET-4241--test-release-2","SEM","SEM_MissCases","Crash","Core","","","0","","TP Bugs","wicket","4241","MissC","Crash","Core"
"220","wicket15--WICKET-2753--test-release-1","SEM","SEM_Process","Incorrect Functionality (Func)","Core","","","0","","TP Bugs","wicket","2753","Process","Incorrect","Core"
"221","wicket18--WICKET-4048--test-release-2","SEM","SEM_Other (FuncImp)","Incorrect Functionality (Func)","Core","","","0","","TP Bugs","wicket","4048","FuncImpl","Incorrect","Core"
"222","wicket19--WICKET-2589--test-release-1","SEM","SEM_Other (FuncImp)","Crash","Core","","","0","","TP Bugs","wicket","2589","FuncImpl","Crash","Core"
"223","wicket1--WICKET-4184--test-release-2","SEM","SEM_Other (FuncImp)","Hang","Core","","","0","","TP Bugs","wicket","4184","FuncImpl","Hang","Core"
"224","wicket23--WICKET-4054--test-release-2","MEM","MEM_MLK","Perf Degradation","Network","","","0","","TP Bugs","wicket","4054","Mem","Perf","Network"
"225","wicket28--WICKET-4063--test-release-2","SEM","SEM_Other (FuncImp)","Crash","Core","","","0","","TP Bugs","wicket","4063","FuncImpl","Crash","Core"
"226","wicket2--WICKET-4082--test-release-2","SEM","SEM_Process","Incorrect Functionality (Func)","Core","","","0","","TP Bugs","wicket","4082","Process","Incorrect","Core"
"227","wicket30--WICKET-4016--test-release-2","SEM","SEM_Other (FuncImp)","Crash","Core","","","0","","TP Bugs","wicket","4016","FuncImpl","Crash","Core"
"228","wicket31--WICKET-4259--test-release-2","SEM","SEM_Other (FuncImp)","Crash","Core","","","0","","TP Bugs","wicket","4259","FuncImpl","Crash","Core"
"229","wicket34--WICKET-3982--test-release-2","SEM","SEM_MissCases","Incorrect Functionality (Func)","Core","","","0","","TP Bugs","wicket","3982","MissC","Incorrect","Core"
"230","wicket37--WICKET-4278--test-release-2","SEM","SEM_Other (FuncImp)","Perf Degradation","Core","","","0","","TP Bugs","wicket","4278","FuncImpl","Perf","Core"
"231","wicket4--WICKET-4256--test-release-2","SEM","SEM_Other (FuncImp)","Incorrect Functionality (Func)","Core","","","0","","TP Bugs","wicket","4256","FuncImpl","Incorrect","Core"
"232","wicket5--WICKET-4266--test-release-2","SEM","SEM_Process","Crash","Core","","","0","","TP Bugs","wicket","4266","Process","Crash","Core"
"233","wicket7--WICKET-2525--test-release-1","SEM","SEM_Other (FuncImp)","Incorrect Functionality (Func)","Core","","","0","","TP Bugs","wicket","2525","FuncImpl","Incorrect","Core"
"234","wicket8--WICKET-4134--test-release-2","MEM","MEM_MLK","Crash","Core","","","0","","TP Bugs","wicket","4134","Mem","Crash","Core"
"235","wicket9--WICKET-4213--test-release-2","SEM","SEM_Other (FuncImp)","Incorrect Functionality (Func)","Core","","","0","","TP Bugs","wicket","4213","FuncImpl","Incorrect","Core"
"236","accumulo12--ACCUMULO-1628--test-release-1","SEM","SEM_Other (FuncImp)","Crash","Network","0","Core","0","","FN Bugs","accumulo","1628","FuncImpl","Crash","Network"
"237","accumulo15--ACCUMULO-1776--test-release-1","CON","0","Crash","Network","0","0","0","","FN Bugs","accumulo","1776","Con","Crash","Network"
"238","accumulo18--ACCUMULO-2854--test-release-2","SEM","SEM_Exception","Crash","Network","0","0","0","","FN Bugs","accumulo","2854","Except","Crash","Network"
"239","accumulo1--ACCUMULO-2862--test-release-2","SEM","SEM_Exception","Incorrect Functionality (Func)","Network","0","0","0","","FN Bugs","accumulo","2862","Except","Incorrect","Network"
"240","accumulo20--ACCUMULO-1572--test-release-1","SEM","SEM_Other (FuncImp)","Crash","Network","0","0","0","","FN Bugs","accumulo","1572","FuncImpl","Crash","Network"
"241","accumulo21--ACCUMULO-1474--test-release-1","CON","0","Crash","Core","0","0","0","","FN Bugs","accumulo","1474","Con","Crash","Core"
"242","accumulo5--ACCUMULO-2824--test-release-2","SEM","SEM_Exception","Crash","Core","0","0","0","","FN Bugs","accumulo","2824","Except","Crash","Core"
"243","accumulo6--ACCUMULO-3025--test-release-2","MEM","MEM_NULL","Crash","Core","0","","0","","FN Bugs","accumulo","3025","Mem","Crash","Core"
"244","bookkeeper1--BOOKKEEPER-569--test-release-2","SEM","SEM_Typo","Perf Degradation","I/O","0","0","0","","FN Bugs","bookkeeper","569","Typo","Perf","I/O"
"245","camel0--CAMEL-5757--test-release-1","SEM","SEM_Other (FuncImp)","Incorrect Functionality (Func)","Network","0","0","0","","FN Bugs","camel","5757","FuncImpl","Incorrect","Network"
"246","camel10--CAMEL-5543--test-release-1","MEM","MEM_NULL","Crash","GUI","0","0","0","It's a cli used to monitor camel","FN Bugs","camel","5543","Mem","Crash","UI"
"247","camel12--CAMEL-5414--test-release-1","SEM","SEM_Other (FuncImp)","Incorrect Functionality (Func)","Network","0","0","0","","FN Bugs","camel","5414","FuncImpl","Incorrect","Network"
"248","camel14--CAMEL-5683--test-release-1","MEM","MEM_MLK","Perf Degradation","Core","0","0","0","It's leaking connection objects","FN Bugs","camel","5683","Mem","Perf","Core"
"249","camel15--CAMEL-6544--test-release-2","SEM","SEM_CtrlFlow","Incorrect Functionality (Func)","Core","0","0","0","","FN Bugs","camel","6544","CtrlFlow","Incorrect","Core"
"250","camel16--CAMEL-5526--test-release-1","CON","0","Crash","Network","0","0","0","","FN Bugs","camel","5526","Con","Crash","Network"
"251","camel18--CAMEL-6352--test-release-2","SEM","SEM_MissCases","Incorrect Functionality (Func)","Core","0","0","","It seems that is a bug-fix and a large enhancement","FN Bugs","camel","6352","MissC","Incorrect","Core"
"252","camel21--CAMEL-5761--test-release-1","SEM","SEM_Other (FuncImp)","Incorrect Functionality (Func)","Network","0","0","0","","FN Bugs","camel","5761","FuncImpl","Incorrect","Network"
"253","camel23--CAMEL-5782--test-release-1","SEM","SEM_Other (FuncImp)","Crash","Network","0","0","0","They didnt check empty in the object.","FN Bugs","camel","5782","FuncImpl","Crash","Network"
"254","camel24--CAMEL-5776--test-release-1","SEM","SEM_Other (FuncImp)","Incorrect Functionality (Func)","Core","0","0","0","","FN Bugs","camel","5776","FuncImpl","Incorrect","Core"
"255","camel26--CAMEL-6341--test-release-2","SEM","SEM_CornerCases","Hang","Core","0","0","0","","FN Bugs","camel","6341","CornerC","Hang","Core"
"256","camel27--CAMEL-6413--test-release-2","CON","0","Other","Core","0","0","0","No data to determine impact.","FN Bugs","camel","6413","Con","Other","Core"
"257","camel28--CAMEL-5415--test-release-1","SEM","SEM_Process","Incorrect Functionality (Func)","Core","0","0","0","","FN Bugs","camel","5415","Process","Incorrect","Core"
"258","camel29--CAMEL-5722--test-release-1","SEM","SEM_Other (FuncImp)","Other","Network","0","0","0","","FN Bugs","camel","5722","FuncImpl","Other","Network"
"259","camel2--CAMEL-5731--test-release-1","SEM","SEM_MissCases","Incorrect Functionality (Func)","Network","0","0","0","","FN Bugs","camel","5731","MissC","Incorrect","Network"
"260","camel31--CAMEL-5732--test-release-1","SEM","SEM_MissCases","Incorrect Functionality (Func)","Network","0","0","0","","FN Bugs","camel","5732","MissC","Incorrect","Network"
"261","camel32--CAMEL-5468--test-release-1","CON","","Crash","Core","0","0","","non-functional-req","FN Bugs","camel","5468","Con","Crash","Core"
"262","camel35--CAMEL-6375--test-release-2","SEM","SEM_Other (FuncImp)","Incorrect Functionality (Func)","Core","0","0","0","","FN Bugs","camel","6375","FuncImpl","Incorrect","Core"
"263","camel37--CAMEL-6078--test-release-2","SEM","SEM_Other (FuncImp)","Hang","Network","0","0","0","","FN Bugs","camel","6078","FuncImpl","Hang","Network"
"264","camel39--CAMEL-5621--test-release-1","SEM","SEM_Exception","Other","Network","0","0","0","","FN Bugs","camel","5621","Except","Other","Network"
"265","camel48--CAMEL-6504--test-release-2","MEM","MEM_NULL","Other","Core","0","0","0","","FN Bugs","camel","6504","Mem","Other","Core"
"266","camel4--CAMEL-5525--test-release-1","SEM","SEM_Process","Perf Degradation","Core","0","0","0","formula to select the processor is incorrect","FN Bugs","camel","5525","Process","Perf","Core"
"267","camel52--CAMEL-5540--test-release-1","SEM","SEM_CornerCases","Crash","I/O","0","0","0","","FN Bugs","camel","5540","CornerC","Crash","I/O"
"268","camel6--CAMEL-5411--test-release-1","SEM","SEM_Typo","Incorrect Functionality (Func)","Network","0","0","0","","FN Bugs","camel","5411","Typo","Incorrect","Network"
"269","camel9--CAMEL-6609--test-release-2","SEM","SEM_Other (FuncImp)","Incorrect Functionality (Func)","Network","0","0","0","","FN Bugs","camel","6609","FuncImpl","Incorrect","Network"
"270","cassandra12--CASSANDRA-4021--test-release-2","SEM","SEM_Other (FuncImp)","Crash","I/O","0","0","0","","FN Bugs","cassandra","4021","FuncImpl","Crash","I/O"
"271","cassandra14--CASSANDRA-4054--test-release-1","SEM","SEM_MissFeatures","Incorrect Functionality (Func)","Core","0","0","","","FN Bugs","cassandra","4054","MissF","Incorrect","Core"
"272","cassandra15--CASSANDRA-5182--test-release-2","SEM","SEM_CornerCases","Incorrect Functionality (Func)","Core","0","0","0","","FN Bugs","cassandra","5182","CornerC","Incorrect","Core"
"273","cassandra16--CASSANDRA-5292--test-release-2","SEM","SEM_Other (FuncImp)","Other","GUI","0","0","0","fixing a bad design that conflicts with NTS","FN Bugs","cassandra","5292","FuncImpl","Other","UI"
"274","cassandra17--CASSANDRA-4205--test-release-1","SEM","SEM_MissCases","Perf Degradation","I/O","0","0","0","","FN Bugs","cassandra","4205","MissC","Perf","I/O"
"275","cassandra18--CASSANDRA-4296--test-release-1","SEM","SEM_Other (FuncImp)","Crash","GUI","0","0","0","","FN Bugs","cassandra","4296","FuncImpl","Crash","UI"
"276","cassandra19--CASSANDRA-5410--test-release-2","SEM","SEM_Other (FuncImp)","Crash","Core","0","0","0","","FN Bugs","cassandra","5410","FuncImpl","Crash","Core"
"277","cassandra1--CASSANDRA-5248--test-release-2","SEM","SEM_Typo","Incorrect Functionality (Func)","Core","0","0","0","fixing a previous bug-fix","FN Bugs","cassandra","5248","Typo","Incorrect","Core"
"278","cassandra21--CASSANDRA-3741--test-release-1","SEM","SEM_Other (FuncImp)","Other","Core","0","0","0","OOM Out-of-memory","FN Bugs","cassandra","3741","FuncImpl","Other","Core"
"279","cassandra23--CASSANDRA-5208--test-release-2","SEM","SEM_Other (FuncImp)","Crash","GUI","0","0","0","","FN Bugs","cassandra","5208","FuncImpl","Crash","UI"
"280","cassandra24--CASSANDRA-4916--test-release-2","SEM","SEM_Other (FuncImp)","Crash","I/O","0","0","0","","FN Bugs","cassandra","4916","FuncImpl","Crash","I/O"
"281","cassandra26--CASSANDRA-5386--test-release-2","SEM","SEM_Other (FuncImp)","Incorrect Functionality (Func)","GUI","0","0","0","","FN Bugs","cassandra","5386","FuncImpl","Incorrect","UI"
"282","cassandra27--CASSANDRA-5105--test-release-2","SEM","SEM_CornerCases","Crash","I/O","0","0","0","","FN Bugs","cassandra","5105","CornerC","Crash","I/O"
"283","cassandra28--CASSANDRA-4250--test-release-1","SEM","SEM_Process","Corrupt","Core","0","0","0","","FN Bugs","cassandra","4250","Process","Corrupt","Core"
"284","cassandra29--CASSANDRA-4400--test-release-1","SEM","SEM_Exception","Crash","I/O","0","0","0","","FN Bugs","cassandra","4400","Except","Crash","I/O"
"285","cassandra6--CASSANDRA-4420--test-release-1","SEM","SEM_Other (FuncImp)","Crash","Core","Corrupt","0","0","data-corruption, crash","FN Bugs","cassandra","4420","FuncImpl","Crash","Core"
"286","cassandra7--CASSANDRA-4553--test-release-1","SEM","SEM_CornerCases","Crash","Core","0","0","0","possible null was not considered","FN Bugs","cassandra","4553","CornerC","Crash","Core"
"287","cassandra9--CASSANDRA-4396--test-release-1","SEM","SEM_Other (FuncImp)","Perf Degradation","Core","0","0","0","","FN Bugs","cassandra","4396","FuncImpl","Perf","Core"
"288","CXF0--CXF-3678--test-release-2","MEM","MEM_NULL","Crash","Core","0","0","0","","FN Bugs","CXF","3678","Mem","Crash","Core"
"289","CXF10--CXF-3870--test-release-2","SEM","SEM_MissCases","Incorrect Functionality (Func)","Core","0","0","0","","FN Bugs","CXF","3870","MissC","Incorrect","Core"
"290","CXF11--CXF-3584--test-release-2","SEM","SEM_MissCases","Incorrect Functionality (Func)","Core","0","0","0","","FN Bugs","CXF","3584","MissC","Incorrect","Core"
"291","CXF12--CXF-3496--test-release-2","SEM","SEM_Typo","Crash","Network","0","0","0","","FN Bugs","CXF","3496","Typo","Crash","Network"
"292","CXF13--CXF-3597--test-release-2","SEM","SEM_MissCases","Incorrect Functionality (Func)","Core","0","0","0","","FN Bugs","CXF","3597","MissC","Incorrect","Core"
"293","CXF14--CXF-3222--test-release-1","SEM","SEM_Other (FuncImp)","Other","Network","0","0","0","","FN Bugs","CXF","3222","FuncImpl","Other","Network"
"294","CXF16--CXF-3198--test-release-1","SEM","SEM_MissCases","Other","Core","0","0","0","impact: incomplete functionality","FN Bugs","CXF","3198","MissC","Other","Core"
"295","CXF17--CXF-3614--test-release-2","MEM","MEM_MLK","Other","Core","0","0","0","","FN Bugs","CXF","3614","Mem","Other","Core"
"296","CXF19--CXF-3773--test-release-2","SEM","SEM_Other (FuncImp)","Crash","Core","0","0","0","They forgot to null an object (release)","FN Bugs","CXF","3773","FuncImpl","Crash","Core"
"297","CXF1--CXF-3193--test-release-1","SEM","SEM_MissCases","Incorrect Functionality (Func)","Core","0","0","0","","FN Bugs","CXF","3193","MissC","Incorrect","Core"
"298","CXF21--CXF-3742--test-release-2","SEM","SEM_Other (FuncImp)","Other","Core","0","0","0","","FN Bugs","CXF","3742","FuncImpl","Other","Core"
"299","CXF23--CXF-3594--test-release-2","SEM","SEM_CtrlFlow","Incorrect Functionality (Func)","Core","0","0","0","","FN Bugs","CXF","3594","CtrlFlow","Incorrect","Core"
"300","CXF25--CXF-3499--test-release-2","SEM","SEM_CtrlFlow","Crash","Core","0","0","0","","FN Bugs","CXF","3499","CtrlFlow","Crash","Core"
"301","CXF26--CXF-3480--test-release-2","SEM","SEM_CtrlFlow","Crash","Core","0","0","0","","FN Bugs","CXF","3480","CtrlFlow","Crash","Core"
"302","CXF28--CXF-3862--test-release-2","SEM","SEM_Other (FuncImp)","Incorrect Functionality (Func)","Core","0","0","0","","FN Bugs","CXF","3862","FuncImpl","Incorrect","Core"
"303","CXF29--CXF-3684--test-release-2","SEM","SEM_MissCases","Crash","Core","0","0","0","","FN Bugs","CXF","3684","MissC","Crash","Core"
"304","CXF2--CXF-3681--test-release-2","SEM","SEM_Other (FuncImp)","Hang","Core","0","0","0","","FN Bugs","CXF","3681","FuncImpl","Hang","Core"
"305","CXF31--CXF-3206--test-release-1","SEM","SEM_Other (FuncImp)","Incorrect Functionality (Func)","Core","0","0","0","","FN Bugs","CXF","3206","FuncImpl","Incorrect","Core"
"306","CXF34--CXF-3166--test-release-1","SEM","SEM_MissCases","Incorrect Functionality (Func)","Core","0","0","0","","FN Bugs","CXF","3166","MissC","Incorrect","Core"
"307","CXF35--CXF-3801--test-release-2","CON","0","Crash","Core","0","0","0","","FN Bugs","CXF","3801","Con","Crash","Core"
"308","CXF36--CXF-3147--test-release-1","MEM","MEM_NULL","Crash","Core","0","0","0","","FN Bugs","CXF","3147","Mem","Crash","Core"
"309","CXF37--CXF-3238--test-release-1","SEM","SEM_MissCases","Crash","Core","0","0","0","","FN Bugs","CXF","3238","MissC","Crash","Core"
"310","CXF38--CXF-3803--test-release-2","SEM","SEM_Other (FuncImp)","Incorrect Functionality (Func)","Network","0","0","0","","FN Bugs","CXF","3803","FuncImpl","Incorrect","Network"
"311","CXF39--CXF-3749--test-release-2","SEM","SEM_MissCases","Other","Core","0","0","0","","FN Bugs","CXF","3749","MissC","Other","Core"
"312","CXF3--CXF-3239--test-release-1","SEM","SEM_MissCases","Crash","Core","0","0","0","","FN Bugs","CXF","3239","MissC","Crash","Core"
"313","CXF40--CXF-3136--test-release-1","SEM","SEM_MissCases","Crash","Core","0","0","0","","FN Bugs","CXF","3136","MissC","Crash","Core"
"314","CXF43--CXF-3785--test-release-2","SEM","SEM_Other (FuncImp)","Incorrect Functionality (Func)","Core","0","0","0","","FN Bugs","CXF","3785","FuncImpl","Incorrect","Core"
"315","CXF45--CXF-3707--test-release-2","SEM","SEM_CornerCases","Incorrect Functionality (Func)","Core","0","0","0","","FN Bugs","CXF","3707","CornerC","Incorrect","Core"
"316","CXF47--CXF-3168--test-release-1","SEM","SEM_Other (FuncImp)","Crash","Core","0","0","0","","FN Bugs","CXF","3168","FuncImpl","Crash","Core"
"317","CXF4--CXF-3542--test-release-2","SEM","SEM_Other (FuncImp)","Perf Degradation","Core","0","0","0","","FN Bugs","CXF","3542","FuncImpl","Perf","Core"
"318","CXF50--CXF-3116--test-release-1","MEM","MEM_NULL","Crash","Network","0","0","0","","FN Bugs","CXF","3116","Mem","Crash","Network"
"319","CXF56--CXF-3486--test-release-2","SEM","SEM_MissFeatures","Crash","Network","0","0","0","","FN Bugs","CXF","3486","MissF","Crash","Network"
"320","CXF5--CXF-3560--test-release-2","MEM","MEM_NULL","Crash","Core","0","0","0","","FN Bugs","CXF","3560","Mem","Crash","Core"
"321","CXF6--CXF-3618--test-release-2","SEM","SEM_Other (FuncImp)","Perf Degradation","Network","0","0","0","a useless function that degrade the performance","FN Bugs","CXF","3618","FuncImpl","Perf","Network"
"322","CXF7--CXF-3539--test-release-2","SEM","SEM_CornerCases","Crash","Core","0","0","0","","FN Bugs","CXF","3539","CornerC","Crash","Core"
"323","derby10--DERBY-552--test-release-1","SEM","SEM_Other (FuncImp)","Crash","Core","0","0","0","","FN Bugs","derby","552","FuncImpl","Crash","Core"
"324","derby12--DERBY-3194--test-release-2","SEM","SEM_Typo","Incorrect Functionality (Func)","Core","0","0","0","","FN Bugs","derby","3194","Typo","Incorrect","Core"
"325","derby13--DERBY-3215--test-release-2","SEM","SEM_Exception","Crash","I/O","0","0","0","","FN Bugs","derby","3215","Except","Crash","I/O"
"326","derby15--DERBY-3075--test-release-2","SEM","SEM_Exception","Incorrect Functionality (Func)","Core","0","0","0","","FN Bugs","derby","3075","Except","Incorrect","Core"
"327","derby18--DERBY-3221--test-release-2","SEM","SEM_Other (FuncImp)","Crash","Core","0","0","0","","FN Bugs","derby","3221","FuncImpl","Crash","Core"
"328","derby19--DERBY-3288--test-release-2","SEM","SEM_Other (FuncImp)","Incorrect Functionality (Func)","Core","0","0","0","","FN Bugs","derby","3288","FuncImpl","Incorrect","Core"
"329","derby1--DERBY-1645--test-release-1","SEM","SEM_MissCases","Incorrect Functionality (Func)","Core","0","0","0","","FN Bugs","derby","1645","MissC","Incorrect","Core"
"330","derby20--DERBY-2040--test-release-1","SEM","SEM_Other (FuncImp)","Crash","Core","0","0","0","","FN Bugs","derby","2040","FuncImpl","Crash","Core"
"331","derby21--DERBY-1495--test-release-1","SEM","SEM_MissCases","Incorrect Functionality (Func)","Core","0","0","0","","FN Bugs","derby","1495","MissC","Incorrect","Core"
"332","derby23--DERBY-680--test-release-1","SEM","SEM_Other (FuncImp)","Crash","GUI","0","0","0","","FN Bugs","derby","680","FuncImpl","Crash","UI"
"333","derby25--DERBY-2147--test-release-1","SEM","SEM_MissCases","Incorrect Functionality (Func)","Core","0","0","0","","FN Bugs","derby","2147","MissC","Incorrect","Core"
"334","derby26--DERBY-1132--test-release-1","SEM","SEM_MissCases","Incorrect Functionality (Func)","Core","0","0","0","","FN Bugs","derby","1132","MissC","Incorrect","Core"
"335","derby27--DERBY-3356--test-release-2","SEM","SEM_Other (FuncImp)","Crash","Network","0","0","0","","FN Bugs","derby","3356","FuncImpl","Crash","Network"
"336","derby29--DERBY-2733--test-release-2","SEM","SEM_Other (FuncImp)","Incorrect Functionality (Func)","Core","0","0","0","","FN Bugs","derby","2733","FuncImpl","Incorrect","Core"
"337","derby30--DERBY-3093--test-release-2","SEM","SEM_Other (FuncImp)","Crash","Core","0","0","0","","FN Bugs","derby","3093","FuncImpl","Crash","Core"
"338","derby3--DERBY-3138--test-release-2","SEM","SEM_Typo","Crash","Core","0","0","0","","FN Bugs","derby","3138","Typo","Crash","Core"
"339","derby4--DERBY-537--test-release-1","SEM","SEM_Other (FuncImp)","Crash","Core","0","0","0","","FN Bugs","derby","537","FuncImpl","Crash","Core"
"340","derby5--DERBY-2815--test-release-2","SEM","SEM_CtrlFlow","Crash","GUI","0","0","0","","FN Bugs","derby","2815","CtrlFlow","Crash","UI"
"341","derby6--DERBY-1991--test-release-1","SEM","SEM_Exception","Incorrect Functionality (Func)","Core","0","0","0","","FN Bugs","derby","1991","Except","Incorrect","Core"
"342","derby7--DERBY-2202--test-release-1","SEM","SEM_Other (FuncImp)","Incorrect Functionality (Func)","Core","0","0","0","","FN Bugs","derby","2202","FuncImpl","Incorrect","Core"
"343","derby8--DERBY-2008--test-release-1","SEM","SEM_Process","Crash","Core","0","0","0","","FN Bugs","derby","2008","Process","Crash","Core"
"344","derby9--DERBY-3238--test-release-2","SEM","SEM_Other (FuncImp)","Crash","Core","0","0","0","","FN Bugs","derby","3238","FuncImpl","Crash","Core"
"345","felix0--FELIX-2394--test-release-1","SEM","SEM_MissCases","Incorrect Functionality (Func)","Network","0","0","0","","FN Bugs","felix","2394","MissC","Incorrect","Network"
"346","felix10--FELIX-2795--test-release-1","SEM","SEM_MissCases","Incorrect Functionality (Func)","GUI","0","0","0","","FN Bugs","felix","2795","MissC","Incorrect","UI"
"347","felix11--FELIX-2995--test-release-1","SEM","SEM_Other (FuncImp)","Other","Core","0","0","0","","FN Bugs","felix","2995","FuncImpl","Other","Core"
"348","felix12--FELIX-4184--test-release-2","SEM","SEM_Typo","Crash","Core","0","0","0","","FN Bugs","felix","4184","Typo","Crash","Core"
"349","felix13--FELIX-2902--test-release-1","SEM","SEM_MissCases","Other","Core","0","0","0","","FN Bugs","felix","2902","MissC","Other","Core"
"350","felix16--FELIX-2944--test-release-1","SEM","SEM_MissCases","Crash","Core","0","0","","","FN Bugs","felix","2944","MissC","Crash","Core"
"351","felix18--FELIX-2793--test-release-1","SEM","SEM_MissCases","Other","GUI","0","0","0","","FN Bugs","felix","2793","MissC","Other","UI"
"352","felix20--FELIX-4444--test-release-2","SEM","SEM_Exception","Incorrect Functionality (Func)","Network","0","0","0","","FN Bugs","felix","4444","Except","Incorrect","Network"
"353","felix21--FELIX-2915--test-release-1","CON","0","Hang","Core","0","0","0","","FN Bugs","felix","2915","Con","Hang","Core"
"354","felix22--FELIX-4603--test-release-2","SEM","SEM_MissCases","Incorrect Functionality (Func)","Network","0","0","0","","FN Bugs","felix","4603","MissC","Incorrect","Network"
"355","felix24--FELIX-3031--test-release-1","SEM","SEM_MissCases","Incorrect Functionality (Func)","Core","0","0","0","","FN Bugs","felix","3031","MissC","Incorrect","Core"
"356","felix25--FELIX-2997--test-release-1","SEM","SEM_Other (FuncImp)","Crash","Core","0","0","0","","FN Bugs","felix","2997","FuncImpl","Crash","Core"
"357","felix26--FELIX-3172--test-release-1","SEM","SEM_Other (FuncImp)","Crash","Core","0","0","0","","FN Bugs","felix","3172","FuncImpl","Crash","Core"
"358","felix27--FELIX-3211--test-release-1","MEM","MEM_NULL","Crash","Core","0","0","0","","FN Bugs","felix","3211","Mem","Crash","Core"
"359","felix28--FELIX-4451--test-release-2","SEM","SEM_Other (FuncImp)","Incorrect Functionality (Func)","Network","0","0","0","","FN Bugs","felix","4451","FuncImpl","Incorrect","Network"
"360","felix29--FELIX-3228--test-release-1","SEM","SEM_MissCases","Incorrect Functionality (Func)","Core","0","0","0","","FN Bugs","felix","3228","MissC","Incorrect","Core"
"361","felix31--FELIX-2962--test-release-1","SEM","SEM_MissCases","Incorrect Functionality (Func)","Core","0","0","0","","FN Bugs","felix","2962","MissC","Incorrect","Core"
"362","felix32--FELIX-3233--test-release-1","SEM","SEM_Other (FuncImp)","Crash","Core","0","0","0","","FN Bugs","felix","3233","FuncImpl","Crash","Core"
"363","felix33--FELIX-3396--test-release-1","SEM","SEM_MissCases","Other","Core","0","0","0","","FN Bugs","felix","3396","MissC","Other","Core"
"364","felix35--FELIX-3192--test-release-1","SEM","SEM_MissCases","Incorrect Functionality (Func)","Core","0","0","0","","FN Bugs","felix","3192","MissC","Incorrect","Core"
"365","felix36--FELIX-2696--test-release-1","SEM","SEM_MissCases","Incorrect Functionality (Func)","Core","0","0","0","","FN Bugs","felix","2696","MissC","Incorrect","Core"
"366","felix38--FELIX-2604--test-release-1","SEM","SEM_Exception","Crash","GUI","0","0","0","","FN Bugs","felix","2604","Except","Crash","UI"
"367","felix40--FELIX-1946--test-release-1","SEM","SEM_MissCases","Incorrect Functionality (Func)","Network","0","0","0","","FN Bugs","felix","1946","MissC","Incorrect","Network"
"368","felix41--FELIX-2847--test-release-1","SEM","SEM_MissCases","Crash","Core","0","0","0","","FN Bugs","felix","2847","MissC","Crash","Core"
"369","felix43--FELIX-3004--test-release-1","SEM","SEM_MissCases","Incorrect Functionality (Func)","Core","0","0","0","","FN Bugs","felix","3004","MissC","Incorrect","Core"
"370","felix45--FELIX-3101--test-release-1","SEM","SEM_Other (FuncImp)","Crash","Core","0","0","0","","FN Bugs","felix","3101","FuncImpl","Crash","Core"
"371","felix47--FELIX-2694--test-release-1","SEM","SEM_Other (FuncImp)","Incorrect Functionality (Func)","Core","0","0","0","","FN Bugs","felix","2694","FuncImpl","Incorrect","Core"
"372","felix49--FELIX-2710--test-release-1","SEM","SEM_MissCases","Incorrect Functionality (Func)","Core","0","0","0","","FN Bugs","felix","2710","MissC","Incorrect","Core"
"373","felix50--FELIX-2707--test-release-1","SEM","SEM_Process","Incorrect Functionality (Func)","GUI","0","0","0","","FN Bugs","felix","2707","Process","Incorrect","UI"
"374","felix51--FELIX-3130--test-release-1","SEM","SEM_Other (FuncImp)","Crash","Core","0","0","0","","FN Bugs","felix","3130","FuncImpl","Crash","Core"
"375","felix52--FELIX-4335--test-release-2","SEM","SEM_MissFeatures","Incorrect Functionality (Func)","Core","0","0","0","","FN Bugs","felix","4335","MissF","Incorrect","Core"
"376","felix54--FELIX-3164--test-release-1","SEM","SEM_Other (FuncImp)","Crash","Core","0","0","0","","FN Bugs","felix","3164","FuncImpl","Crash","Core"
"377","felix55--FELIX-3175--test-release-1","SEM","SEM_Other (FuncImp)","Incorrect Functionality (Func)","Core","0","0","0","","FN Bugs","felix","3175","FuncImpl","Incorrect","Core"
"378","felix56--FELIX-2762--test-release-1","SEM","SEM_CtrlFlow","Crash","Core","0","0","0","","FN Bugs","felix","2762","CtrlFlow","Crash","Core"
"379","felix57--FELIX-2346--test-release-1","SEM","SEM_Other (FuncImp)","Corrupt","Core","0","0","0","","FN Bugs","felix","2346","FuncImpl","Corrupt","Core"
"380","felix5--FELIX-2768--test-release-1","SEM","SEM_CtrlFlow","Incorrect Functionality (Func)","Network","0","0","0","","FN Bugs","felix","2768","CtrlFlow","Incorrect","Network"
"381","felix60--FELIX-4484--test-release-2","SEM","SEM_Other (FuncImp)","Incorrect Functionality (Func)","Core","0","0","0","","FN Bugs","felix","4484","FuncImpl","Incorrect","Core"
"382","felix61--FELIX-4616--test-release-2","SEM","SEM_MissCases","Crash","Core","0","0","0","","FN Bugs","felix","4616","MissC","Crash","Core"
"383","felix63--FELIX-2685--test-release-1","SEM","SEM_Other (FuncImp)","Incorrect Functionality (Func)","Core","0","0","0","","FN Bugs","felix","2685","FuncImpl","Incorrect","Core"
"384","felix66--FELIX-4469--test-release-2","SEM","SEM_CtrlFlow","Crash","GUI","0","0","0","","FN Bugs","felix","4469","CtrlFlow","Crash","UI"
"385","felix67--FELIX-4613--test-release-2","SEM","SEM_Other (FuncImp)","Incorrect Functionality (Func)","Network","0","0","0","","FN Bugs","felix","4613","FuncImpl","Incorrect","Network"
"386","felix68--FELIX-2989--test-release-1","SEM","SEM_Other (FuncImp)","Incorrect Functionality (Func)","Core","0","0","0","","FN Bugs","felix","2989","FuncImpl","Incorrect","Core"
"387","felix6--FELIX-3054--test-release-2","SEM","SEM_MissCases","Incorrect Functionality (Func)","Network","0","0","0","","FN Bugs","felix","3054","MissC","Incorrect","Network"
"388","felix70--FELIX-2964--test-release-1","SEM","SEM_MissCases","Crash","Core","0","0","0","","FN Bugs","felix","2964","MissC","Crash","Core"
"389","felix7--FELIX-4627--test-release-2","MEM","MEM_MLK","Perf Degradation","Core","0","0","0","","FN Bugs","felix","4627","Mem","Perf","Core"
"390","felix9--FELIX-4447--test-release-2","SEM","SEM_Typo","Crash","GUI","0","0","0","","FN Bugs","felix","4447","Typo","Crash","UI"
"391","hive0--HIVE-6986--test-release-2","SEM","SEM_CtrlFlow","Crash","Core","0","0","0","","FN Bugs","hive","6986","CtrlFlow","Crash","Core"
"392","hive12--HIVE-5656--test-release-1","SEM","SEM_CtrlFlow","Crash","Core","0","0","0","","FN Bugs","hive","5656","CtrlFlow","Crash","Core"
"393","hive13--HIVE-6989--test-release-2","SEM","SEM_Other (FuncImp)","Crash","Core","0","0","0","","FN Bugs","hive","6989","FuncImpl","Crash","Core"
"394","hive14--HIVE-5524--test-release-1","SEM","SEM_CtrlFlow","Incorrect Functionality (Func)","Core","0","0","0","","FN Bugs","hive","5524","CtrlFlow","Incorrect","Core"
"395","hive16--HIVE-6957--test-release-2","SEM","SEM_MissCases","Other","Core","0","0","0","","FN Bugs","hive","6957","MissC","Other","Core"
"396","hive17--HIVE-5825--test-release-1","SEM","SEM_Other (FuncImp)","Crash","Core","0","0","0","","FN Bugs","hive","5825","FuncImpl","Crash","Core"
"397","hive1--HIVE-5846--test-release-1","SEM","SEM_MissCases","Crash","Core","0","0","0","","FN Bugs","hive","5846","MissC","Crash","Core"
"398","hive23--HIVE-7146--test-release-2","SEM","SEM_MissCases","Crash","Core","0","0","0","","FN Bugs","hive","7146","MissC","Crash","Core"
"399","hive25--HIVE-5515--test-release-1","SEM","SEM_Other (FuncImp)","Crash","Core","0","0","0","","FN Bugs","hive","5515","FuncImpl","Crash","Core"
"400","hive27--HIVE-5909--test-release-1","SEM","SEM_CtrlFlow","Crash","Core","0","0","0","","FN Bugs","hive","5909","CtrlFlow","Crash","Core"
"401","hive29--HIVE-7226--test-release-2","SEM","SEM_MissCases","Crash","Core","0","0","0","","FN Bugs","hive","7226","MissC","Crash","Core"
"402","hive2--HIVE-7314--test-release-2","SEM","SEM_Other (FuncImp)","Incorrect Functionality (Func)","Core","0","0","0","","FN Bugs","hive","7314","FuncImpl","Incorrect","Core"
"403","hive31--HIVE-7356--test-release-2","SEM","SEM_MissCases","Other","Core","0","0","0","","FN Bugs","hive","7356","MissC","Other","Core"
"404","hive32--HIVE-5506--test-release-1","SEM","SEM_CtrlFlow","Incorrect Functionality (Func)","Core","0","0","0","","FN Bugs","hive","5506","CtrlFlow","Incorrect","Core"
"405","hive33--HIVE-6027--test-release-1","SEM","SEM_Process","Incorrect Functionality (Func)","Core","0","0","","","FN Bugs","hive","6027","Process","Incorrect","Core"
"406","hive34--HIVE-6174--test-release-1","SEM","SEM_Other (FuncImp)","Incorrect Functionality (Func)","Core","0","0","0","","FN Bugs","hive","6174","FuncImpl","Incorrect","Core"
"407","hive35--HIVE-3455--test-release-1","SEM","SEM_Process","Incorrect Functionality (Func)","Core","0","0","0","","FN Bugs","hive","3455","Process","Incorrect","Core"
"408","hive36--HIVE-5788--test-release-1","SEM","SEM_Other (FuncImp)","Incorrect Functionality (Func)","I/O","0","0","0","","FN Bugs","hive","5788","FuncImpl","Incorrect","I/O"
"409","hive37--HIVE-7130--test-release-2","SEM","SEM_MissCases","Crash","Core","0","0","0","","FN Bugs","hive","7130","MissC","Crash","Core"
"410","hive38--HIVE-6828--test-release-2","SEM","SEM_Other (FuncImp)","Incorrect Functionality (Func)","Core","0","0","0","","FN Bugs","hive","6828","FuncImpl","Incorrect","Core"
"411","hive39--HIVE-7200--test-release-2","SEM","SEM_CtrlFlow","Incorrect Functionality (Func)","GUI","0","0","0","","FN Bugs","hive","7200","CtrlFlow","Incorrect","UI"
"412","hive41--HIVE-5765--test-release-1","SEM","SEM_CtrlFlow","Crash","GUI","0","0","0","","FN Bugs","hive","5765","CtrlFlow","Crash","UI"
"413","hive42--HIVE-7035--test-release-2","SEM","SEM_Other (FuncImp)","Incorrect Functionality (Func)","GUI","0","0","0","","FN Bugs","hive","7035","FuncImpl","Incorrect","UI"
"414","hive43--HIVE-6041--test-release-1","SEM","SEM_Other (FuncImp)","Incorrect Functionality (Func)","Core","0","0","0","","FN Bugs","hive","6041","FuncImpl","Incorrect","Core"
"415","hive44--HIVE-3815--test-release-1","SEM","SEM_MissCases","Crash","Core","0","0","0","","FN Bugs","hive","3815","MissC","Crash","Core"
"416","hive47--HIVE-6637--test-release-2","SEM","SEM_Other (FuncImp)","Crash","Core","0","0","0","","FN Bugs","hive","6637","FuncImpl","Crash","Core"
"417","hive5--HIVE-5550--test-release-1","SEM","SEM_MissCases","Crash","Core","0","0","0","","FN Bugs","hive","5550","MissC","Crash","Core"
"418","hive6--HIVE-7257--test-release-2","SEM","SEM_MissCases","Crash","Core","0","0","0","","FN Bugs","hive","7257","MissC","Crash","Core"
"419","hive7--HIVE-5779--test-release-1","SEM","SEM_Typo","Crash","Core","0","0","0","","FN Bugs","hive","5779","Typo","Crash","Core"
"420","hive9--HIVE-6984--test-release-2","MEM","MEM_NULL","Crash","Core","0","0","0","","FN Bugs","hive","6984","Mem","Crash","Core"
"421","openjpa0--OPENJPA-1968--test-release-1","SEM","SEM_Other (FuncImp)","Crash","Core","0","0","0","","FN Bugs","openjpa","1968","FuncImpl","Crash","Core"
"422","openjpa10--OPENJPA-2133--test-release-2","SEM","SEM_Other (FuncImp)","Crash","Core","0","0","0","","FN Bugs","openjpa","2133","FuncImpl","Crash","Core"
"423","openjpa11--OPENJPA-2013--test-release-1","SEM","SEM_MissCases","Incorrect Functionality (Func)","Core","0","0","0","","FN Bugs","openjpa","2013","MissC","Incorrect","Core"
"424","openjpa1--OPENJPA-2191--test-release-2","MEM","MEM_NULL","Crash","Core","0","0","0","","FN Bugs","openjpa","2191","Mem","Crash","Core"
"425","openjpa2--OPENJPA-2170--test-release-2","SEM","SEM_Exception","Incorrect Functionality (Func)","Core","0","0","0","","FN Bugs","openjpa","2170","Except","Incorrect","Core"
"426","openjpa5--OPENJPA-1987--test-release-1","SEM","SEM_MissCases","Crash","Core","0","0","0","","FN Bugs","openjpa","1987","MissC","Crash","Core"
"427","openjpa6--OPENJPA-1958--test-release-1","SEM","SEM_Exception","Crash","Core","0","0","0","","FN Bugs","openjpa","1958","Except","Crash","Core"
"428","openjpa7--OPENJPA-2118--test-release-2","SEM","SEM_CtrlFlow","Crash","Core","0","0","0","","FN Bugs","openjpa","2118","CtrlFlow","Crash","Core"
"429","openjpa8--OPENJPA-1960--test-release-1","SEM","SEM_Other (FuncImp)","Crash","Core","0","0","0","","FN Bugs","openjpa","1960","FuncImpl","Crash","Core"
"430","pig11--PIG-2918--test-release-1","SEM","SEM_Other (FuncImp)","Perf Degradation","Core","0","0","0","","FN Bugs","pig","2918","FuncImpl","Perf","Core"
"431","pig12--PIG-3081--test-release-2","SEM","SEM_Other (FuncImp)","Incorrect Functionality (Func)","Core","0","0","0","","FN Bugs","pig","3081","FuncImpl","Incorrect","Core"
"432","pig13--PIG-3316--test-release-2","SEM","SEM_Process","Incorrect Functionality (Func)","Core","0","0","0","","FN Bugs","pig","3316","Process","Incorrect","Core"
"433","pig14--PIG-2721--test-release-1","SEM","SEM_Other (FuncImp)","Incorrect Functionality (Func)","Core","0","0","0","","FN Bugs","pig","2721","FuncImpl","Incorrect","Core"
"434","pig16--PIG-3270--test-release-2","SEM","SEM_CtrlFlow","Crash","Core","0","0","0","","FN Bugs","pig","3270","CtrlFlow","Crash","Core"
"435","pig18--PIG-2866--test-release-1","SEM","SEM_MissCases","Crash","Core","0","0","0","","FN Bugs","pig","2866","MissC","Crash","Core"
"436","pig1--PIG-3097--test-release-2","SEM","SEM_Typo","Incorrect Functionality (Func)","I/O","0","0","0","","FN Bugs","pig","3097","Typo","Incorrect","I/O"
"437","pig20--PIG-3305--test-release-2","SEM","SEM_MissCases","Hang","I/O","0","0","0","","FN Bugs","pig","3305","MissC","Hang","I/O"
"438","pig2--PIG-2837--test-release-1","SEM","SEM_Other (FuncImp)","Crash","I/O","0","0","0","","FN Bugs","pig","2837","FuncImpl","Crash","I/O"
"439","pig3--PIG-2744--test-release-1","SEM","SEM_MissCases","Crash","Core","0","0","0","","FN Bugs","pig","2744","MissC","Crash","Core"
"440","pig4--PIG-3252--test-release-2","SEM","SEM_Other (FuncImp)","Incorrect Functionality (Func)","I/O","0","0","0","","FN Bugs","pig","3252","FuncImpl","Incorrect","I/O"
"441","pig5--PIG-2861--test-release-1","SEM","SEM_Typo","Other","Core","0","0","0","","FN Bugs","pig","2861","Typo","Other","Core"
"442","pig6--PIG-2739--test-release-1","SEM","SEM_MissCases","Crash","Core","0","0","0","","FN Bugs","pig","2739","MissC","Crash","Core"
"443","pig8--PIG-2813--test-release-1","SEM","SEM_Other (FuncImp)","Other","Core","0","0","0","","FN Bugs","pig","2813","FuncImpl","Other","Core"
"444","pig9--PIG-3110--test-release-2","SEM","SEM_MissCases","Corrupt","Core","0","0","0","","FN Bugs","pig","3110","MissC","Corrupt","Core"
"445","wicket0--WICKET-4217--test-release-2","SEM","SEM_CornerCases","Crash","Core","0","0","0","","FN Bugs","wicket","4217","CornerC","Crash","Core"
"446","wicket12--WICKET-2613--test-release-1","SEM","SEM_Other (FuncImp)","Incorrect Functionality (Func)","Core","0","0","0","","FN Bugs","wicket","2613","FuncImpl","Incorrect","Core"
"447","wicket14--WICKET-2892--test-release-1","SEM","SEM_Other (FuncImp)","Incorrect Functionality (Func)","Core","0","0","0","","FN Bugs","wicket","2892","FuncImpl","Incorrect","Core"
"448","wicket18--WICKET-4163--test-release-2","SEM","SEM_Other (FuncImp)","Incorrect Functionality (Func)","Core","0","0","0","","FN Bugs","wicket","4163","FuncImpl","Incorrect","Core"
"449","wicket19--WICKET-2530--test-release-1","SEM","SEM_MissCases","Other","Core","0","0","0","","FN Bugs","wicket","2530","MissC","Other","Core"
"450","wicket21--WICKET-2617--test-release-1","SEM","SEM_MissCases","Incorrect Functionality (Func)","Core","0","0","0","","FN Bugs","wicket","2617","MissC","Incorrect","Core"
"451","wicket22--WICKET-4198--test-release-2","SEM","SEM_Other (FuncImp)","Crash","Core","0","0","0","","FN Bugs","wicket","4198","FuncImpl","Crash","Core"
"452","wicket23--WICKET-2668--test-release-1","SEM","SEM_Other (FuncImp)","Crash","Core","0","0","0","","FN Bugs","wicket","2668","FuncImpl","Crash","Core"
"453","wicket24--WICKET-4099--test-release-2","SEM","SEM_Other (FuncImp)","Incorrect Functionality (Func)","Core","0","0","0","","FN Bugs","wicket","4099","FuncImpl","Incorrect","Core"
"454","wicket25--WICKET-2744--test-release-1","SEM","SEM_Other (FuncImp)","Incorrect Functionality (Func)","Core","0","0","0","","FN Bugs","wicket","2744","FuncImpl","Incorrect","Core"
"455","wicket26--WICKET-4164--test-release-2","MEM","MEM_MLK","Crash","Network","0","0","0","","FN Bugs","wicket","4164","Mem","Crash","Network"
"456","wicket28--WICKET-2477--test-release-1","SEM","SEM_MissFeatures","Incorrect Functionality (Func)","Core","0","0","0","","FN Bugs","wicket","2477","MissF","Incorrect","Core"
"457","wicket30--WICKET-4300--test-release-2","SEM","SEM_MissCases","Crash","Core","0","0","0","","FN Bugs","wicket","4300","MissC","Crash","Core"
"458","wicket33--WICKET-2508--test-release-1","MEM","MEM_NULL","Crash","Core","0","0","0","","FN Bugs","wicket","2508","Mem","Crash","Core"
"459","wicket34--WICKET-4175--test-release-2","SEM","SEM_Other (FuncImp)","Crash","Core","0","0","0","","FN Bugs","wicket","4175","FuncImpl","Crash","Core"
"460","wicket35--WICKET-625--test-release-1","SEM","SEM_Other (FuncImp)","Incorrect Functionality (Func)","Core","0","0","0","","FN Bugs","wicket","625","FuncImpl","Incorrect","Core"
"461","wicket36--WICKET-4264--test-release-2","SEM","SEM_Other (FuncImp)","Crash","Core","0","0","0","","FN Bugs","wicket","4264","FuncImpl","Crash","Core"
"462","wicket37--WICKET-2558--test-release-1","SEM","SEM_Other (FuncImp)","Crash","Core","0","0","0","","FN Bugs","wicket","2558","FuncImpl","Crash","Core"
"463","wicket39--WICKET-2806--test-release-1","SEM","SEM_Typo","Incorrect Functionality (Func)","Core","0","0","0","","FN Bugs","wicket","2806","Typo","Incorrect","Core"
"464","wicket3--WICKET-2904--test-release-1","SEM","SEM_MissCases","Incorrect Functionality (Func)","Core","0","0","0","","FN Bugs","wicket","2904","MissC","Incorrect","Core"
"465","wicket42--WICKET-2966--test-release-1","SEM","SEM_Other (FuncImp)","Other","Core","0","0","0","","FN Bugs","wicket","2966","FuncImpl","Other","Core"
"466","wicket43--WICKET-4203--test-release-2","SEM","SEM_MissCases","Crash","Core","0","0","0","","FN Bugs","wicket","4203","MissC","Crash","Core"
"467","wicket44--WICKET-2704--test-release-1","SEM","SEM_Typo","Incorrect Functionality (Func)","Core","0","0","0","","FN Bugs","wicket","2704","Typo","Incorrect","Core"
"468","wicket47--WICKET-2418--test-release-1","SEM","SEM_MissCases","Crash","Core","0","0","0","","FN Bugs","wicket","2418","MissC","Crash","Core"
"469","wicket48--WICKET-4258--test-release-2","SEM","SEM_Other (FuncImp)","Crash","Core","0","0","0","","FN Bugs","wicket","4258","FuncImpl","Crash","Core"
"470","wicket50--WICKET-4030--test-release-2","SEM","SEM_Other (FuncImp)","Incorrect Functionality (Func)","Core","0","0","0","","FN Bugs","wicket","4030","FuncImpl","Incorrect","Core"
"471","wicket51--WICKET-2397--test-release-1","SEM","SEM_CtrlFlow","Incorrect Functionality (Func)","Core","0","0","0","","FN Bugs","wicket","2397","CtrlFlow","Incorrect","Core"
"472","wicket53--WICKET-2438--test-release-1","SEM","SEM_Other (FuncImp)","Crash","Core","0","0","0","","FN Bugs","wicket","2438","FuncImpl","Crash","Core"
"473","wicket5--WICKET-2372--test-release-1","SEM","SEM_Other (FuncImp)","Incorrect Functionality (Func)","Core","0","0","0","","FN Bugs","wicket","2372","FuncImpl","Incorrect","Core"
"474","wicket6--WICKET-4301--test-release-2","SEM","SEM_MissCases","Crash","Core","0","0","0","","FN Bugs","wicket","4301","MissC","Crash","Core"
"475","wicket7--WICKET-4305--test-release-2","SEM","SEM_Other (FuncImp)","Incorrect Functionality (Func)","Core","0","0","0","","FN Bugs","wicket","4305","FuncImpl","Incorrect","Core"
"476","wicket8--WICKET-4071--test-release-2","SEM","SEM_Other (FuncImp)","Incorrect Functionality (Func)","Core","0","0","0","","FN Bugs","wicket","4071","FuncImpl","Incorrect","Core"
"477","wicket9--WICKET-2506--test-release-1","SEM","SEM_Other (FuncImp)","Incorrect Functionality (Func)","Core","0","0","0","","FN Bugs","wicket","2506","FuncImpl","Incorrect","Core"
